"country","iso2c","iso3c","year","status","lastupdated","LifeExp","GDP","Area","Population","region","capital","longitude","latitude","income","lending"
"India","IN","IND",2022,NA,"2026-01-28",71.698,2347.44829434623,2973190,1425423212,"South Asia","New Delhi",77.225,28.6353,"Lower middle income","IBRD"
"China","CN","CHN",2022,NA,"2026-01-28",78.202,12970.6056414327,9388210,1412175000,"East Asia & Pacific","Beijing",116.286,40.0495,"Upper middle income","IBRD"
"United States","US","USA",2022,NA,"2026-01-28",77.4341463414634,76657.2488844403,9147420,334017321,"North America","Washington D.C.",-77.032,38.8895,"High income","Not classified"
"Indonesia","ID","IDN",2022,NA,"2026-01-28",70.925,4730.83484836107,1892555.47,278830529,"East Asia & Pacific","Jakarta",106.83,-6.19752,"Upper middle income","IBRD"
"Pakistan","PK","PAK",2022,NA,"2026-01-28",67.417,1538.3228133171,770880,243700667,"South Asia","Islamabad",72.8,30.5167,"Lower middle income","Blend"
"Nigeria","NG","NGA",2022,NA,"2026-01-28",54.079,2899.16047470324,910770,223150896,"Sub-Saharan Africa","Abuja",7.48906,9.05804,"Lower middle income","Blend"
"Brazil","BR","BRA",2022,NA,"2026-01-28",74.872,9281.33282136864,8358140,210306415,"Latin America & Caribbean","Brasilia",-47.9292,-15.7801,"Upper middle income","IBRD"
"Bangladesh","BD","BGD",2022,NA,"2026-01-28",74.265,2716.48592780431,130260,169384897,"South Asia","Dhaka",90.4113,23.7055,"Lower middle income","IDA"
"Russian Federation","RU","RUS",2022,NA,"2026-01-28",72.5456097560976,15619.6142578125,16376870,144236933,"Europe & Central Asia","Moscow",37.6176,55.7558,"High income","IBRD"
"Mexico","MX","MEX",2022,NA,"2026-01-28",73.973,11405.7940473759,1943950,128613117,"Latin America & Caribbean","Mexico City",-99.1276,19.427,"Upper middle income","IBRD"
"Ethiopia","ET","ETH",2022,NA,"2026-01-28",66.897,982.103161506992,1128498.8,125384287,"Sub-Saharan Africa","Addis Ababa",38.7468,9.02274,"Low income","IDA"
"Japan","JP","JPN",2022,NA,"2026-01-28",83.9963414634146,34065.6438962526,364500,125124989,"East Asia & Pacific","Tokyo",139.77,35.67,"High income","Not classified"
"Philippines","PH","PHL",2022,NA,"2026-01-28",69.472,3548.06930572116,298170,113964338,"East Asia & Pacific","Manila",121.035,14.5515,"Lower middle income","IBRD"
"Egypt, Arab Rep.","EG","EGY",2022,NA,"2026-01-28",71.01,4233.30783744856,995450,112618250,"Middle East & North Africa","Cairo",31.2461,30.0982,"Lower middle income","IBRD"
"Congo, Dem. Rep.","CD","COD",2022,NA,"2026-01-28",60.979,687.738587554685,2267050,102396968,"Sub-Saharan Africa","Kinshasa",15.3222,-4.325,"Low income","IDA"
"Viet Nam","VN","VNM",2022,NA,"2026-01-28",74.502,4147.69777213621,313429,99680655,"East Asia & Pacific","Hanoi",105.825,21.0069,"Lower middle income","IBRD"
"Iran, Islamic Rep.","IR","IRN",2022,NA,"2026-01-28",76.799,4721.20437099984,1622500,89524246,"Middle East & North Africa","Tehran",51.4447,35.6878,"Upper middle income","IBRD"
"Turkiye","TR","TUR",2022,NA,"2026-01-28",77.591,10897.8397861365,769630,84979913,"Europe & Central Asia","Ankara",32.3606,39.7153,"Upper middle income","IBRD"
"Germany","DE","DEU",2022,NA,"2026-01-28",80.6080487804878,50506.5179638543,349360,83177813,"Europe & Central Asia","Berlin",13.4115,52.5235,"High income","Not classified"
"Thailand","TH","THA",2022,NA,"2026-01-28",75.291,6909.35281815827,510890,71735329,"East Asia & Pacific","Bangkok",100.521,13.7308,"Upper middle income","IBRD"
"France","FR","FRA",2022,NA,"2026-01-28",82.1292682926829,40988.6396406579,538950,68184457,"Europe & Central Asia","Paris",2.35097,48.8566,"High income","Not classified"
"United Kingdom","GB","GBR",2022,NA,"2026-01-28",81.0112195121951,47057.043229179,241930,67604000,"Europe & Central Asia","London",-0.126236,51.5002,"High income","Not classified"
"Tanzania","TZ","TZA",2022,NA,"2026-01-28",66.879,1207.52062988281,885800,64711821,"Sub-Saharan Africa","Dodoma",35.7382,-6.17486,"Lower middle income","IDA"
"South Africa","ZA","ZAF",2022,NA,"2026-01-28",65.454,6534.24867783397,1213090,62378410,"Sub-Saharan Africa","Pretoria",28.1871,-25.746,"Upper middle income","IBRD"
"Italy","IT","ITA",2022,NA,"2026-01-28",82.7,35653.9042103495,295720,59013667,"Europe & Central Asia","Rome",12.4823,41.8955,"High income","Not classified"
"Kenya","KE","KEN",2022,NA,"2026-01-28",63.549,2109.56288513137,580876.3,54252461,"Sub-Saharan Africa","Nairobi",36.8126,-1.27975,"Lower middle income","Blend"
"Myanmar","MM","MMR",2022,NA,"2026-01-28",66.506,1158.05005055976,652670,53756787,"East Asia & Pacific","Naypyidaw",95.9562,21.914,"Lower middle income","IDA"
"Colombia","CO","COL",2022,NA,"2026-01-28",76.508,6680.44506854481,1109500,51737944,"Latin America & Caribbean","Bogota",-74.082,4.60987,"Upper middle income","IBRD"
"Korea, Rep.","KR","KOR",2022,NA,"2026-01-28",82.6804878048781,34822.4048404971,97600,51672569,"East Asia & Pacific","Seoul",126.957,37.5323,"High income","Not classified"
"Sudan","SD","SDN",2022,NA,"2026-01-28",65.695,1046.24084472656,1868000,49383346,"Sub-Saharan Africa","Khartoum",32.5363,15.5932,"Low income","IDA"
"Spain","ES","ESP",2022,NA,"2026-01-28",83.1341463414634,30319.4987196616,499713.681,47786102,"Europe & Central Asia","Madrid",-3.70327,40.4167,"High income","Not classified"
"Uganda","UG","UGA",2022,NA,"2026-01-28",67.675,963.067314117178,200520,47312719,"Sub-Saharan Africa","Kampala",32.5729,0.314269,"Low income","IDA"
"Algeria","DZ","DZA",2022,NA,"2026-01-28",76.129,4960.30334332888,2381740,45477389,"Middle East & North Africa","Algiers",3.05097,36.7397,"Upper middle income","IBRD"
"Argentina","AR","ARG",2022,NA,"2026-01-28",75.806,13962.1894087223,2736690,45407904,"Latin America & Caribbean","Buenos Aires",-58.4173,-34.6118,"Upper middle income","IBRD"
"Iraq","IQ","IRQ",2022,NA,"2026-01-28",72.037,6520.73154560584,434130,44070551,"Middle East & North Africa","Baghdad",44.394,33.3302,"Upper middle income","IBRD"
"Ukraine","UA","UKR",2022,NA,"2026-01-28",72.658,4199.6708984375,579400,41048766,"Europe & Central Asia","Kiev",30.5038,50.4536,"Upper middle income","IBRD"
"Afghanistan","AF","AFG",2022,NA,"2026-01-28",65.617,357.261152798144,652230,40578842,"South Asia","Kabul",69.1761,34.5228,"Low income","IDA"
"Canada","CA","CAN",2022,NA,"2026-01-28",81.2453658536585,56256.8007264015,8788700,38935934,"North America","Ottawa",-75.6919,45.4215,"High income","Not classified"
"Morocco","MA","MAR",2022,NA,"2026-01-28",75.161,3463.1376953125,446300,37329064,"Middle East & North Africa","Rabat",-6.8704,33.9905,"Lower middle income","IBRD"
"Poland","PL","POL",2022,NA,"2026-01-28",77.1560975609756,18891.2121169279,306090,36821749,"Europe & Central Asia","Warsaw",21.02,52.26,"High income","IBRD"
"Angola","AO","AGO",2022,NA,"2026-01-28",64.246,3682.1131513698,1246700,35635029,"Sub-Saharan Africa","Luanda",13.242,-8.81155,"Lower middle income","IBRD"
"Uzbekistan","UZ","UZB",2022,NA,"2026-01-28",72.147,2578.66689394219,440652,34938955,"Europe & Central Asia","Tashkent",69.269,41.3052,"Lower middle income","Blend"
"Malaysia","MY","MYS",2022,NA,"2026-01-28",75.444,11754.5678336248,328550,34695493,"East Asia & Pacific","Kuala Lumpur",101.684,3.12433,"Upper middle income","IBRD"
"Peru","PE","PER",2022,NA,"2026-01-28",76.834,7350.63034300417,1280000,33475438,"Latin America & Caribbean","Lima",-77.0465,-12.0931,"Upper middle income","IBRD"
"Ghana","GH","GHA",2022,NA,"2026-01-28",65.246,2229.89122647803,227533,33149152,"Sub-Saharan Africa","Accra",-0.20795,5.57045,"Lower middle income","IDA"
"Mozambique","MZ","MOZ",2022,NA,"2026-01-28",63.011,578.251663751351,786380,32656246,"Sub-Saharan Africa","Maputo",32.5713,-25.9664,"Low income","IDA"
"Saudi Arabia","SA","SAU",2022,NA,"2026-01-28",77.31,38510.2276211037,2149690,32175224,"Middle East & North Africa","Riyadh",46.6977,24.6748,"High income","Not classified"
"Madagascar","MG","MDG",2022,NA,"2026-01-28",63.068,503.51453347296,581800,30437261,"Sub-Saharan Africa","Antananarivo",45.7167,-20.4667,"Low income","IDA"
"Cote d'Ivoire","CI","CIV",2022,NA,"2026-01-28",61.562,2333.37128301259,318000,30395002,"Sub-Saharan Africa","Yamoussoukro",-4.0305,5.332,"Lower middle income","IDA"
"Nepal","NP","NPL",2022,NA,"2026-01-28",70.087,1385.91066274851,143350,29715436,"South Asia","Kathmandu",85.3157,27.6939,"Lower middle income","IDA"
"Venezuela, RB","VE","VEN",2022,NA,"2026-01-28",72.566,3155.04207099687,882050,28213017,"Latin America & Caribbean","Caracas",-69.8371,9.08165,"Not classified","IBRD"
"Cameroon","CM","CMR",2022,NA,"2026-01-28",62.443,1604.87726954895,472710,27632771,"Sub-Saharan Africa","Yaounde",11.5174,3.8721,"Lower middle income","Blend"
"Australia","AU","AUS",2022,NA,"2026-01-28",83.2,65169.5191118657,7692020,26018721,"East Asia & Pacific","Canberra",149.129,-35.282,"High income","Not classified"
"Niger","NE","NER",2022,NA,"2026-01-28",60.398,609.745147574878,1266700,25311973,"Sub-Saharan Africa","Niamey",2.1073,13.514,"Low income","IDA"
"Mali","ML","MLI",2022,NA,"2026-01-28",60.035,976.914116406452,1220190,23072640,"Sub-Saharan Africa","Bamako",-7.50034,13.5667,"Low income","IDA"
"Burkina Faso","BF","BFA",2022,NA,"2026-01-28",60.7,827.330843486661,273600,22509038,"Sub-Saharan Africa","Ouagadougou",-1.53395,12.3605,"Low income","IDA"
"Syrian Arab Republic","SY","SYR",2022,NA,"2026-01-28",72.79,1051.67149587463,183630,22462173,"Middle East & North Africa","Damascus",36.3119,33.5146,"Low income","IDA"
"Sri Lanka","LK","LKA",2022,NA,"2026-01-28",77.3,3342.63650253855,61860,22181000,"South Asia","Colombo",79.8528,6.92148,"Lower middle income","IDA"
"Malawi","MW","MWI",2022,NA,"2026-01-28",66.037,604.269740360317,94280,20568728,"Sub-Saharan Africa","Lilongwe",33.7703,-13.9899,"Low income","IDA"
"Zambia","ZM","ZMB",2022,NA,"2026-01-28",65.279,1447.12310138035,743390,20152938,"Sub-Saharan Africa","Lusaka",28.2937,-15.3982,"Lower middle income","IDA"
"Kazakhstan","KZ","KAZ",2022,NA,"2026-01-28",73.503,11255.3396437881,2699700,20034609,"Europe & Central Asia","Astana",71.4382,51.1879,"Upper middle income","IBRD"
"Chile","CL","CHL",2022,NA,"2026-01-28",79.176,15405.6165774073,742831.64,19553036,"Latin America & Caribbean","Santiago",-70.6475,-33.475,"High income","IBRD"
"Romania","RO","ROU",2022,NA,"2026-01-28",75.1536585365854,15503.551804598,230080,19048502,"Europe & Central Asia","Bucharest",26.0979,44.4479,"High income","IBRD"
"Chad","TD","TCD",2022,NA,"2026-01-28",54.528,966.036468278568,1259200,18455316,"Sub-Saharan Africa","N'Djamena",15.0445,12.1048,"Low income","IDA"
"Guatemala","GT","GTM",2022,NA,"2026-01-28",71.206,5358.70156997677,107160,17847877,"Latin America & Caribbean","Guatemala City",-90.5328,14.6248,"Upper middle income","IBRD"
"Ecuador","EC","ECU",2022,NA,"2026-01-28",76.577,6515.58528418336,248360,17823897,"Latin America & Caribbean","Quito",-78.5243,-0.229498,"Upper middle income","IBRD"
"Netherlands","NL","NLD",2022,NA,"2026-01-28",81.6146341463415,59123.318556487,33670,17700982,"Europe & Central Asia","Amsterdam",4.89095,52.3738,"High income","Not classified"
"Senegal","SN","SEN",2022,NA,"2026-01-28",67.788,1574.0281059306,192530,17651103,"Sub-Saharan Africa","Dakar",-17.4734,14.7247,"Lower middle income","IDA"
"Cambodia","KH","KHM",2022,NA,"2026-01-28",70.528,2325.03050040841,176520,17201724,"East Asia & Pacific","Phnom Penh",104.874,11.5556,"Lower middle income","IDA"
"Zimbabwe","ZW","ZWE",2022,NA,"2026-01-28",62.36,2536.40050223076,386850,16069056,"Sub-Saharan Africa","Harare",31.0672,-17.8312,"Lower middle income","Blend"
"Guinea","GN","GIN",2022,NA,"2026-01-28",60.432,1416.59612011764,245720,14055137,"Sub-Saharan Africa","Conakry",-13.7,9.51667,"Lower middle income","IDA"
"Benin","BJ","BEN",2022,NA,"2026-01-28",60.475,1266.42711031904,112760,13759501,"Sub-Saharan Africa","Porto-Novo",2.6323,6.4779,"Lower middle income","IDA"
"Rwanda","RW","RWA",2022,NA,"2026-01-28",67.528,975.469323735369,24670,13651030,"Sub-Saharan Africa","Kigali",30.0587,-1.95325,"Low income","IDA"
"Burundi","BI","BDI",2022,NA,"2026-01-28",62.882,302.992505263552,25680,13321097,"Sub-Saharan Africa","Bujumbura",29.3639,-3.3784,"Low income","IDA"
"Tunisia","TN","TUN",2022,NA,"2026-01-28",76.05,3707.29283414381,155360,12119334,"Middle East & North Africa","Tunis",10.21,36.7899,"Lower middle income","IBRD"
"Bolivia","BO","BOL",2022,NA,"2026-01-28",67.434,4219.46113742445,1083300,12077154,"Latin America & Caribbean","La Paz",-66.1936,-13.9908,"Lower middle income","IBRD"
"Belgium","BE","BEL",2022,NA,"2026-01-28",81.7487804878049,50605.7496677086,30494,11680210,"Europe & Central Asia","Brussels",4.36761,50.8371,"High income","Not classified"
"Haiti","HT","HTI",2022,NA,"2026-01-28",63.948,1760.62635668777,27560,11503606,"Latin America & Caribbean","Port-au-Prince",-72.3288,18.5392,"Lower middle income","IDA"
"Jordan","JO","JOR",2022,NA,"2026-01-28",77.088,4332.25159897931,88794,11256263,"Middle East & North Africa","Amman",35.9263,31.9497,"Lower middle income","IBRD"
"Dominican Republic","DO","DOM",2022,NA,"2026-01-28",74.211,10104.2449349081,48198.02,11230734,"Latin America & Caribbean","Santo Domingo",-69.8908,18.479,"Upper middle income","IBRD"
"Cuba","CU","CUB",2020,NA,"2026-01-28",77.407,9605.27914559614,103800,11176354,"Latin America & Caribbean","Havana",-82.3667,23.1333,"Upper middle income","Not classified"
"Czechia","CZ","CZE",2022,NA,"2026-01-28",78.9292682926829,28282.2236715857,77171.73,10672118,"Europe & Central Asia","Prague",14.4205,50.0878,"High income","Not classified"
"Sweden","SE","SWE",2022,NA,"2026-01-28",83.0585365853659,54836.8907235124,407280,10486941,"Europe & Central Asia","Stockholm",18.0645,59.3327,"High income","Not classified"
"Honduras","HN","HND",2022,NA,"2026-01-28",72.715,3003.28996826399,111890,10463872,"Latin America & Caribbean","Tegucigalpa",-87.4667,15.1333,"Lower middle income","IDA"
"Greece","GR","GRC",2022,NA,"2026-01-28",80.7878048780488,20886.5243087629,128900,10436882,"Europe & Central Asia","Athens",23.7166,37.9792,"High income","Not classified"
"Portugal","PT","PRT",2022,NA,"2026-01-28",81.6317073170732,24620.5197587181,91605.6,10434332,"Europe & Central Asia","Lisbon",-9.13552,38.7072,"High income","Not classified"
"Papua New Guinea","PG","PNG",2022,NA,"2026-01-28",65.274,3102.28968594061,452860,10203169,"East Asia & Pacific","Port Moresby",147.194,-9.47357,"Lower middle income","Blend"
"Tajikistan","TJ","TJK",2022,NA,"2026-01-28",71.562,1052.17949484894,138790,10182222,"Europe & Central Asia","Dushanbe",68.7864,38.5878,"Lower middle income","IDA"
"Azerbaijan","AZ","AZE",2022,NA,"2026-01-28",74.125,7770.594223351,82650,10141756,"Europe & Central Asia","Baku",49.8932,40.3834,"Upper middle income","IBRD"
"United Arab Emirates","AE","ARE",2022,NA,"2026-01-28",80.487,50759.7589231191,71020,10074977,"Middle East & North Africa","Abu Dhabi",54.3705,24.4764,"High income","Not classified"
"Hungary","HU","HUN",2022,NA,"2026-01-28",75.8682926829268,18428.028825614,91260,9605074,"Europe & Central Asia","Budapest",19.0408,47.4984,"High income","Not classified"
"Israel","IL","ISR",2022,NA,"2026-01-28",82.7,54949.621556429,21640,9557500,"Middle East & North Africa","",35.2035,31.7717,"High income","Not classified"
"Belarus","BY","BLR",2022,NA,"2026-01-28",74.1033658536585,7994.64806074889,202990,9228071,"Europe & Central Asia","Minsk",27.5766,53.9678,"Upper middle income","IBRD"
"Togo","TG","TGO",2022,NA,"2026-01-28",62.29,951.232378690387,54390,9089738,"Sub-Saharan Africa","Lome",1.2255,6.1228,"Low income","IDA"
"Austria","AT","AUT",2022,NA,"2026-01-28",81.2951219512195,52336.7725223758,82520,9041851,"Europe & Central Asia","Vienna",16.3798,48.2201,"High income","Not classified"
"Switzerland","CH","CHE",2022,NA,"2026-01-28",83.6048780487805,94394.5106803525,39509.63,8777088,"Europe & Central Asia","Bern",7.44821,46.948,"High income","Not classified"
"Sierra Leone","SL","SLE",2022,NA,"2026-01-28",61.275,860.371067916096,72180,8276807,"Sub-Saharan Africa","Freetown",-13.2134,8.4821,"Low income","IDA"
"Lao PDR","LA","LAO",2022,NA,"2026-01-28",68.715,2046.40440255621,230800,7559007,"East Asia & Pacific","Vientiane",102.177,18.5826,"Lower middle income","IDA"
"Hong Kong SAR, China","HK","HKG",2022,NA,"2026-01-28",83.6609756097561,48825.8441873536,1050,7346100,"East Asia & Pacific","",114.109,22.3964,"High income","Not classified"
"Turkmenistan","TM","TKM",2022,NA,"2026-01-28",69.913,5837.84224538947,469930,7230193,"Europe & Central Asia","Ashgabat",58.3794,37.9509,"Upper middle income","IBRD"
"Libya","LY","LBY",2022,NA,"2026-01-28",74.462,5986.63694851258,1759540,7223805,"Middle East & North Africa","Tripoli",13.1072,32.8578,"Upper middle income","IBRD"
"Kyrgyz Republic","KG","KGZ",2022,NA,"2026-01-28",72.0487804878049,1739.72018344174,191800,6975220,"Europe & Central Asia","Bishkek",74.6057,42.8851,"Lower middle income","IDA"
"Paraguay","PY","PRY",2022,NA,"2026-01-28",72.319,6205.62595379319,396012.042,6760464,"Latin America & Caribbean","Asuncion",-57.6362,-25.3005,"Upper middle income","IBRD"
"Nicaragua","NI","NIC",2022,NA,"2026-01-28",74.463,2322.89053964583,120340,6730654,"Latin America & Caribbean","Managua",-86.2734,12.1475,"Lower middle income","IDA"
"Serbia","RS","SRB",2022,NA,"2026-01-28",75.2365853658537,10024.8191112596,84090,6664449,"Europe & Central Asia","Belgrade",20.4656,44.8024,"Upper middle income","IBRD"
"Bulgaria","BG","BGR",2022,NA,"2026-01-28",74.1609756097561,13999.1949530956,108560,6465097,"Europe & Central Asia","Sofia",23.3238,42.7105,"High income","IBRD"
"El Salvador","SV","SLV",2022,NA,"2026-01-28",71.969,5074.60210221806,20720,6280319,"Latin America & Caribbean","San Salvador",-89.2073,13.7034,"Upper middle income","IBRD"
"Congo, Rep.","CG","COG",2022,NA,"2026-01-28",65,2620.83804267402,341500,6035104,"Sub-Saharan Africa","Brazzaville",15.2662,-4.2767,"Lower middle income","Blend"
"Denmark","DK","DNK",2022,NA,"2026-01-28",81.3048780487805,67781.0940939514,40000,5903037,"Europe & Central Asia","Copenhagen",12.5681,55.6763,"High income","Not classified"
"Lebanon","LB","LBN",2022,NA,"2026-01-28",78.003,3654.35845534878,10230,5744489,"Middle East & North Africa","Beirut",35.5134,33.8872,"Lower middle income","IBRD"
"Singapore","SG","SGP",2022,NA,"2026-01-28",82.8951219512195,90299.0694637269,718,5637022,"East Asia & Pacific","Singapore",103.85,1.28941,"High income","Not classified"
"Finland","FI","FIN",2022,NA,"2026-01-28",81.1878048780488,50440.560224974,303947.7,5556106,"Europe & Central Asia","Helsinki",24.9525,60.1608,"High income","Not classified"
"Norway","NO","NOR",2022,NA,"2026-01-28",82.509756097561,109269.520580298,364270,5457127,"Europe & Central Asia","Oslo",10.7387,59.9138,"High income","Not classified"
"Slovak Republic","SK","SVK",2022,NA,"2026-01-28",76.9658536585366,21317.7943982363,48080,5431752,"Europe & Central Asia","Bratislava",17.1073,48.1484,"High income","Not classified"
"Liberia","LR","LBR",2022,NA,"2026-01-28",61.934,744.617175237387,96320,5373294,"Sub-Saharan Africa","Monrovia",-10.7957,6.30039,"Low income","IDA"
"Ireland","IE","IRL",2022,NA,"2026-01-28",82.509756097561,105190.685952731,68890,5212836,"Europe & Central Asia","Dublin",-6.26749,53.3441,"High income","Not classified"
"Costa Rica","CR","CRI",2022,NA,"2026-01-28",79.316,13625.9008491328,51060,5081765,"Latin America & Caribbean","San Jose",-84.0089,9.63701,"Upper middle income","IBRD"
"New Zealand","NZ","NZL",2022,NA,"2026-01-28",81.9585365853658,49099.7090423358,263310,5081700,"East Asia & Pacific","Wellington",174.776,-41.2865,"High income","Not classified"
"West Bank and Gaza","PS","PSE",2022,NA,"2026-01-28",76.662,3799.95527015163,6025,5043612,"Middle East & North Africa","",NA,NA,"Lower middle income","Not classified"
"Mauritania","MR","MRT",2022,NA,"2026-01-28",68.281,1960.35240077424,1030700,4875637,"Sub-Saharan Africa","Nouakchott",-15.9824,18.2367,"Lower middle income","IDA"
"Oman","OM","OMN",2022,NA,"2026-01-28",77.911,23223.5829405935,309500,4730226,"Middle East & North Africa","Muscat",58.5874,23.6105,"High income","Not classified"
"Kuwait","KW","KWT",2022,NA,"2026-01-28",80.5878048780488,39981.7691035833,17820,4589643,"Middle East & North Africa","Kuwait City",47.9824,29.3721,"High income","Not classified"
"Panama","PA","PAN",2022,NA,"2026-01-28",79.324,17378.6070017557,74180,4400773,"Latin America & Caribbean","Panama City",-79.5188,8.99427,"High income","IBRD"
"Croatia","HR","HRV",2022,NA,"2026-01-28",77.5756097560976,18465.5414420364,55960,3855641,"Europe & Central Asia","Zagreb",15.9614,45.8069,"High income","IBRD"
"Georgia","GE","GEO",2022,NA,"2026-01-28",74.141,6729.84659930283,69490,3712502,"Europe & Central Asia","Tbilisi",44.793,41.71,"Upper middle income","IBRD"
"Mongolia","MN","MNG",2022,NA,"2026-01-28",71.9007317073171,4993.51487463495,1557510,3433748,"East Asia & Pacific","Ulaanbaatar",106.937,47.9129,"Upper middle income","IBRD"
"Uruguay","UY","URY",2022,NA,"2026-01-28",76.468,20818.6146091144,175020,3390913,"Latin America & Caribbean","Montevideo",-56.0675,-34.8941,"High income","IBRD"
"Bosnia and Herzegovina","BA","BIH",2022,NA,"2026-01-28",76.777,7655.59421024383,51200,3204802,"Europe & Central Asia","Sarajevo",18.4214,43.8607,"Upper middle income","IBRD"
"Armenia","AM","ARM",2022,NA,"2026-01-28",74.7658536585366,6571.97445545099,28198.32,2969200,"Europe & Central Asia","Yerevan",44.509,40.1596,"Upper middle income","IBRD"
"Namibia",NA,"NAM",2022,NA,"2026-01-28",64.19,4349.79908493314,823290,2889662,"Sub-Saharan Africa","Windhoek",17.0931,-22.5648,"Upper middle income","IBRD"
"Jamaica","JM","JAM",2022,NA,"2026-01-28",71.481,6626.47502388538,10830,2839144,"Latin America & Caribbean","Kingston",-76.792,17.9927,"Upper middle income","IBRD"
"Lithuania","LT","LTU",2022,NA,"2026-01-28",75.6439024390244,25085.784063499,62604,2831639,"Europe & Central Asia","Vilnius",25.2799,54.6896,"High income","Not classified"
"Qatar","QA","QAT",2022,NA,"2026-01-28",81.857,88701.4689763536,11490,2657333,"Middle East & North Africa","Doha",51.5082,25.2948,"High income","Not classified"
"Gambia, The","GM","GMB",2022,NA,"2026-01-28",64.859,836.244875868476,10120,2636470,"Sub-Saharan Africa","Banjul",-16.5885,13.4495,"Low income","IDA"
"Moldova","MD","MDA",2022,NA,"2026-01-28",71.546,5744.29618434435,32880,2528654,"Europe & Central Asia","Chisinau",28.8497,47.0167,"Upper middle income","IBRD"
"Albania","AL","ALB",2022,NA,"2026-01-28",78.769,7756.96188744253,27400,2451636,"Europe & Central Asia","Tirane",19.8172,41.3317,"Upper middle income","IBRD"
"Botswana","BW","BWA",2022,NA,"2026-01-28",68.749,8328.7090572666,566730,2439892,"Sub-Saharan Africa","Gaborone",25.9201,-24.6544,"Upper middle income","IBRD"
"Gabon","GA","GAB",2022,NA,"2026-01-28",67.713,8409.2074145028,257670,2430747,"Sub-Saharan Africa","Libreville",9.45162,0.38832,"Upper middle income","IBRD"
"Lesotho","LS","LSO",2022,NA,"2026-01-28",56.812,1030.12582947757,30360,2286110,"Sub-Saharan Africa","Maseru",27.7167,-29.5208,"Lower middle income","IDA"
"Slovenia","SI","SVN",2022,NA,"2026-01-28",81.2829268292683,28360.3041467268,20136.4,2112076,"Europe & Central Asia","Ljubljana",14.5044,46.0546,"High income","Not classified"
"Guinea-Bissau","GW","GNB",2022,NA,"2026-01-28",63.605,883.199131457831,28120,2105529,"Sub-Saharan Africa","Bissau",-15.1804,11.8037,"Low income","IDA"
"Latvia","LV","LVA",2022,NA,"2026-01-28",74.2780487804878,20221.103686109,62230,1879383,"Europe & Central Asia","Riga",24.1048,56.9465,"High income","Not classified"
"North Macedonia","MK","MKD",2022,NA,"2026-01-28",74.4248780487805,7606.2375253797,25220,1831712,"Europe & Central Asia","Skopje",21.4361,42.0024,"Upper middle income","IBRD"
"Equatorial Guinea","GQ","GNQ",2022,NA,"2026-01-28",63.355,7589.29964909381,28050,1803545,"Sub-Saharan Africa","Malabo",8.7741,3.7523,"Upper middle income","IBRD"
"Kosovo","XK","XKX",2022,NA,"2026-01-28",77.623,5290.95006509706,NA,1768096,"Europe & Central Asia","Pristina",20.926,42.565,"Upper middle income","IDA"
"Bahrain","BH","BHR",2022,NA,"2026-01-28",80.992,30470.5219276023,790,1524693,"Middle East & North Africa","Manama",50.5354,26.1921,"High income","Not classified"
"Timor-Leste","TL","TLS",2022,NA,"2026-01-28",67.368,2343.24954740187,14870,1369295,"East Asia & Pacific","Dili",125.567,-8.56667,"Lower middle income","Blend"
"Trinidad and Tobago","TT","TTO",2022,NA,"2026-01-28",73.331,20750.5202434652,5130,1365805,"Latin America & Caribbean","Port-of-Spain",-61.4789,10.6596,"High income","IBRD"
"Estonia","EE","EST",2022,NA,"2026-01-28",77.8439024390244,28340.3826549406,42730,1348840,"Europe & Central Asia","Tallinn",24.7586,59.4392,"High income","Not classified"
"Cyprus","CY","CYP",2022,NA,"2026-01-28",80.434,33231.04296875,9240,1331370,"Europe & Central Asia","Nicosia",33.3736,35.1676,"High income","Not classified"
"Mauritius","MU","MUS",2022,NA,"2026-01-28",73.5146341463415,10246.5017455553,1997,1262523,"Sub-Saharan Africa","Port Louis",57.4977,-20.1605,"Upper middle income","IBRD"
"Eswatini","SZ","SWZ",2022,NA,"2026-01-28",63.028,3894.1620089869,17200,1218917,"Sub-Saharan Africa","Mbabane",31.4659,-26.5225,"Lower middle income","Blend"
"Djibouti","DJ","DJI",2022,NA,"2026-01-28",65.54,3133.25779772463,23180,1137096,"Middle East & North Africa","Djibouti",43.1425,11.5806,"Lower middle income","IDA"
"Fiji","FJ","FJI",2022,NA,"2026-01-28",67.148,5414.12092119088,18270,919422,"East Asia & Pacific","Suva",178.399,-18.1149,"Upper middle income","Blend"
"Comoros","KM","COM",2022,NA,"2026-01-28",66.481,1465.479642862,1861,834188,"Sub-Saharan Africa","Moroni",43.2418,-11.6986,"Lower middle income","IDA"
"Guyana","GY","GUY",2022,NA,"2026-01-28",69.888,17913.4928066879,211140,821637,"Latin America & Caribbean","Georgetown",-58.1548,6.80461,"High income","IDA"
"Solomon Islands","SB","SLB",2022,NA,"2026-01-28",70.409,1877.78104490956,27990,781066,"East Asia & Pacific","Honiara",159.949,-9.42676,"Lower middle income","IDA"
"Bhutan","BT","BTN",2022,NA,"2026-01-28",72.754,3711.32767981591,38140,780914,"South Asia","Thimphu",89.6177,27.5768,"Lower middle income","IDA"
"Macao SAR, China","MO","MAC",2022,NA,"2026-01-28",83.0804878048781,36806.891255461,33,677300,"East Asia & Pacific","",113.55,22.1667,"High income","Not classified"
"Luxembourg","LU","LUX",2022,NA,"2026-01-28",82.9463414634147,123719.658915996,2574.46,653103,"Europe & Central Asia","Luxembourg",6.1296,49.61,"High income","Not classified"
"Montenegro","ME","MNE",2022,NA,"2026-01-28",76.1878048780488,10024.5435616209,13450,623591,"Europe & Central Asia","Podgorica",19.2595,42.4602,"Upper middle income","IBRD"
"Suriname","SR","SUR",2022,NA,"2026-01-28",73.254,6084.43876736445,160507.61,623164,"Latin America & Caribbean","Paramaribo",-55.1679,5.8232,"Upper middle income","Blend"
"Malta","MT","MLT",2022,NA,"2026-01-28",82.4487804878049,35638.8869457406,320,531113,"Middle East & North Africa","Valletta",14.5189,35.9042,"High income","Not classified"
"Maldives","MV","MDV",2022,NA,"2026-01-28",80.76,11786.0191492983,300,524106,"South Asia","Male",73.5109,4.1742,"Upper middle income","IDA"
"Cabo Verde","CV","CPV",2022,NA,"2026-01-28",75.907,4323.31362032709,4030,519741,"Sub-Saharan Africa","Praia",-23.5087,14.9218,"Lower middle income","Blend"
"Brunei Darussalam","BN","BRN",2022,NA,"2026-01-28",72.917,36632.9280952155,5270,455370,"East Asia & Pacific","Bandar Seri Begawan",114.946,4.94199,"High income","Not classified"
"Belize","BZ","BLZ",2022,NA,"2026-01-28",72.19,7068.21728043145,22810,402733,"Latin America & Caribbean","Belmopan",-88.7713,17.2534,"Upper middle income","Blend"
"Bahamas, The","BS","BHS",2022,NA,"2026-01-28",74.491,34957.1613279737,10010,397538,"Latin America & Caribbean","Nassau",-77.339,25.0661,"High income","Not classified"
"Iceland","IS","ISL",2022,NA,"2026-01-28",82.119512195122,76350.4550416502,100830,382003,"Europe & Central Asia","Reykjavik",-21.8952,64.1353,"High income","Not classified"
"Vanuatu","VU","VUT",2022,NA,"2026-01-28",71.302,3370.21191956953,12190,313046,"East Asia & Pacific","Port-Vila",168.321,-17.7404,"Lower middle income","IDA"
"New Caledonia","NC","NCL",2022,NA,"2026-01-28",77.698,33516.363085906,18280,287123,"East Asia & Pacific","Noum'ea",166.464,-22.2677,"High income","Not classified"
"Barbados","BB","BRB",2022,NA,"2026-01-28",75.676,24387.0387293761,430,282318,"Latin America & Caribbean","Bridgetown",-59.6105,13.0935,"High income","IBRD"
"French Polynesia","PF","PYF",2022,NA,"2026-01-28",83.859,20053.9569369322,3471,280378,"East Asia & Pacific","Papeete",-149.57,-17.535,"High income","Not classified"
"Sao Tome and Principe","ST","STP",2022,NA,"2026-01-28",69.237,2389.73729784737,960,226305,"Sub-Saharan Africa","Sao Tome",6.6071,0.20618,"Lower middle income","IDA"
"Samoa","WS","WSM",2022,NA,"2026-01-28",71.55,4132.44717734444,2780,215261,"East Asia & Pacific","Apia",-171.752,-13.8314,"Lower middle income","IDA"
"St. Lucia","LC","LCA",2022,NA,"2026-01-28",72.67,13103.8243147472,610,178781,"Latin America & Caribbean","Castries",-60.9832,14,"Upper middle income","Blend"
"Channel Islands","JG","CHI",2022,NA,"2026-01-28",81,67627.1417347907,NA,167215,"Europe & Central Asia","",NA,NA,"High income","Not classified"
"Guam","GU","GUM",2022,NA,"2026-01-28",77.102,41833.1517132825,540,165180,"East Asia & Pacific","Agana",144.794,13.4443,"High income","Not classified"
"Curacao","CW","CUW",2022,NA,"2026-01-28",76.729,20057.1404747175,444,153321,"Latin America & Caribbean","Willemstad",NA,NA,"High income","Not classified"
"Kiribati","KI","KIR",2022,NA,"2026-01-28",66.269,2069.7671726925,810,130469,"East Asia & Pacific","Tarawa",172.979,1.32905,"Lower middle income","IDA"
"Seychelles","SC","SYC",2022,NA,"2026-01-28",73.7024390243903,16836.6721895387,460,119878,"Sub-Saharan Africa","Victoria",55.4466,-4.6309,"High income","IBRD"
"Grenada","GD","GRD",2022,NA,"2026-01-28",75.151,10469.3867012856,340,116913,"Latin America & Caribbean","Saint George's",-61.7449,12.0653,"Upper middle income","Blend"
"Micronesia, Fed. Sts.","FM","FSM",2022,NA,"2026-01-28",66.961,3710.12451611752,700,112114,"East Asia & Pacific","Palikir",158.185,6.91771,"Lower middle income","IDA"
"Aruba","AW","ABW",2022,NA,"2026-01-28",76.226,30975.9989121779,180,107310,"Latin America & Caribbean","Oranjestad",-70.0167,12.5167,"High income","Not classified"
"Virgin Islands (U.S.)","VI","VIR",2022,NA,"2026-01-28",80.319512195122,44320.909185774,350,105413,"Latin America & Caribbean","Charlotte Amalie",-64.8963,18.3358,"High income","Not classified"
"Tonga","TO","TON",2022,NA,"2026-01-28",72.635,5298.01941509951,720,105042,"East Asia & Pacific","Nuku'alofa",-175.216,-21.136,"Upper middle income","IDA"
"St. Vincent and the Grenadines","VC","VCT",2022,NA,"2026-01-28",71.191,9693.55867833025,390,102046,"Latin America & Caribbean","Kingstown",-61.2653,13.2035,"Upper middle income","Blend"
"Antigua and Barbuda","AG","ATG",2022,NA,"2026-01-28",77.483,20105.1989085164,440,92840,"Latin America & Caribbean","Saint John's",-61.8456,17.1175,"High income","IBRD"
"Isle of Man","IM","IMN",2022,NA,"2026-01-28",80.956,88328.548125887,570,84132,"Europe & Central Asia","Douglas",-4.47928,54.1509,"High income","Not classified"
"Andorra","AD","AND",2022,NA,"2026-01-28",84.016,42414.0479861228,470,79705,"Europe & Central Asia","Andorra la Vella",1.5218,42.5075,"High income","Not classified"
"Cayman Islands","KY","CYM",2022,NA,"2026-01-28",79.984,93030.7051447803,240,71591,"Latin America & Caribbean","George Town",-81.3857,19.3022,"High income","Not classified"
"Dominica","DM","DMA",2022,NA,"2026-01-28",71.081,9323.66089490562,750,66826,"Latin America & Caribbean","Roseau",-61.39,15.2976,"Upper middle income","Blend"
"Bermuda","BM","BMU",2022,NA,"2026-01-28",82.062,121613.939983629,54,64749,"North America","Hamilton",-64.706,32.3293,"High income","Not classified"
"Greenland","GL","GRL",2022,NA,"2026-01-28",71.5404878048781,55635.0006491223,410450,56661,"Europe & Central Asia","Nuuk",-51.7214,64.1836,"High income","Not classified"
"Faroe Islands","FO","FRO",2022,NA,"2026-01-28",82.9439024390244,67058.2022648126,1370,53912,"Europe & Central Asia","Torshavn",-6.91181,61.8926,"High income","Not classified"
"American Samoa","AS","ASM",2022,NA,"2026-01-28",72.752,18017.4589383973,200,48342,"East Asia & Pacific","Pago Pago",-170.691,-14.2846,"High income","Not classified"
"St. Kitts and Nevis","KN","KNA",2022,NA,"2026-01-28",70.313,21011.5744209816,260,46709,"Latin America & Caribbean","Basseterre",-62.7309,17.3,"High income","IBRD"
"Northern Mariana Islands","MP","MNP",2022,NA,"2026-01-28",78.531,23785.754590043,460,46078,"East Asia & Pacific","Saipan",145.765,15.1935,"High income","Not classified"
"Turks and Caicos Islands","TC","TCA",2022,NA,"2026-01-28",77.918,31280.5418020808,950,45847,"Latin America & Caribbean","Grand Turk",-71.141389,21.4602778,"High income","Not classified"
"Sint Maarten (Dutch part)","SX","SXM",2022,NA,"2026-01-28",76.18,37793.1284399157,34,42139,"Latin America & Caribbean","Philipsburg",NA,NA,"High income","Not classified"
"Marshall Islands","MH","MHL",2022,NA,"2026-01-28",66.725,6455.66062185762,180,40077,"East Asia & Pacific","Majuro",171.135,7.11046,"Upper middle income","IDA"
"Liechtenstein","LI","LIE",2022,NA,"2026-01-28",84.1219512195122,188055.003235348,160,39493,"Europe & Central Asia","Vaduz",9.52148,47.1411,"High income","Not classified"
"Monaco","MC","MCO",2022,NA,"2026-01-28",85.746,226052.001905201,2.084,38931,"Europe & Central Asia","Monaco",7.41891,43.7325,"High income","Not classified"
"San Marino","SM","SMR",2022,NA,"2026-01-28",85.708,54190.8417700372,60,33755,"Europe & Central Asia","San Marino",12.4486,43.9322,"High income","Not classified"
"St. Martin (French part)","MF","MAF",2021,NA,"2026-01-28",80.206,21668.3776525323,50,29961,"Latin America & Caribbean","Marigot",NA,NA,"High income","Not classified"
"Palau","PW","PLW",2022,NA,"2026-01-28",68.922,13729.7602761496,460,17759,"East Asia & Pacific","Koror",134.479,7.34194,"High income","IBRD"
"Nauru","NR","NRU",2022,NA,"2026-01-28",61.93,12911.9086441381,20,11801,"East Asia & Pacific","Yaren District",166.920867,-0.5477,"High income","IBRD"
"Tuvalu","TV","TUV",2022,NA,"2026-01-28",66.852,5911.32727055301,30,9992,"East Asia & Pacific","Funafuti",179.089567,-8.6314877,"Upper middle income","IDA"
